{
  "best_metric": null,
  "best_model_checkpoint": null,
  "epoch": 2.996770721205597,
  "eval_steps": 500,
  "global_step": 2088,
  "is_hyper_param_search": false,
  "is_local_process_zero": true,
  "is_world_process_zero": true,
  "log_history": [
    {
      "epoch": 0.7176175098672407,
      "grad_norm": 6.1463165283203125,
      "learning_rate": 7.619731800766285e-06,
      "loss": 0.7527,
      "step": 500
    },
    {
      "epoch": 1.4352350197344816,
      "grad_norm": 1.525941014289856,
      "learning_rate": 5.2250957854406134e-06,
      "loss": 0.0821,
      "step": 1000
    },
    {
      "epoch": 2.1528525296017222,
      "grad_norm": 2.03609037399292,
      "learning_rate": 2.8304597701149426e-06,
      "loss": 0.073,
      "step": 1500
    },
    {
      "epoch": 2.8704700394689633,
      "grad_norm": 4.168524265289307,
      "learning_rate": 4.358237547892721e-07,
      "loss": 0.0689,
      "step": 2000
    }
  ],
  "logging_steps": 500,
  "max_steps": 2088,
  "num_input_tokens_seen": 0,
  "num_train_epochs": 3,
  "save_steps": 500,
  "stateful_callbacks": {
    "TrainerControl": {
      "args": {
        "should_epoch_stop": false,
        "should_evaluate": false,
        "should_log": false,
        "should_save": true,
        "should_training_stop": true
      },
      "attributes": {}
    }
  },
  "total_flos": 3.852877418956063e+17,
  "train_batch_size": 2,
  "trial_name": null,
  "trial_params": null
}
